id;employee_number;employed_date;terminated_date
1;calculate Investment Account;2021-01-17T23:30:33;2021-01-18T16:05:22
2;Investment Account port withdrawal;2021-01-18T15:55:01;2021-01-18T12:44:42
3;Dale deposit Bedfordshire;2021-01-18T10:16:35;2021-01-18T16:15:49
4;withdrawal;2021-01-18T05:15:45;2021-01-18T16:41:34
5;silver bypassing Home;2021-01-18T04:48:01;2021-01-18T12:28:41
6;Sleek;2021-01-17T21:17:22;2021-01-18T01:44:58
7;payment Switchable Garden;2021-01-18T07:02:20;2021-01-18T07:11:14
8;reinvent cross-platform;2021-01-18T15:14:26;2021-01-18T17:12:36
9;South Africa Germany National;2021-01-18T06:14:29;2021-01-18T18:45:58
10;Singapore;2021-01-17T20:11:28;2021-01-18T05:28:22
