id;last_name;firstname;birth_date
1;Boyle;Jewelery Cotton;2021-01-18T18:16:16
2;Heller;Togo killer;2021-01-18T06:07:46
3;Hand;Tools Cotton Gibraltar Pound;2021-01-18T16:55:06
4;Hettinger;out-of-the-box;2021-01-18T09:40:22
5;Grimes;Intelligent;2021-01-18T05:55:13
6;Parker;Buckinghamshire Accounts;2021-01-18T17:29:45
7;Runte;time-frame;2021-01-18T16:54:08
8;O'Hara;Investor Planner Supervisor;2021-01-18T00:30:09
9;Klocko;Metal Sausages;2021-01-18T17:58:24
10;Gulgowski;Metrics Kyrgyz Republic;2021-01-18T15:15:13
